l1_pref,avg
next_line,0.7064645833333333
no,0.6282641666666667
