l1_pref,avg
next_line,0.706465
no,0.62826375
