l2_pref,avg
ip_stride,0.735784375
next_line,0.67776625
no,0.5885425
