l2_pref,avg
ip_stride,0.735784375
next_line,0.677766875
no,0.588541875
