l3_pref,avg
next_line,0.6952608333333333
no,0.6394679166666667
