replacement,avg
drrip,0.6742066666666666
ship,0.6732066666666666
srrip,0.6643533333333334
lru,0.6576908333333333
