l3_pref,avg
next_line,0.69526125
no,0.6394675
